date,open,high,low,close,volume,amount,MA60,MA200
2024-01-02,24.6330337500,24.6418470000,24.2893170000,24.3069435,54219480,1500865547.8700,,
2024-01-03,24.3069435000,24.5360880000,24.2540640000,24.47439525,43395588,1200383623.7000,,
2024-01-04,24.4655820000,24.5272747500,24.1130520000,24.50964825,63710249,1759101592.9000,,
2024-01-05,24.4567687500,25.3645335000,24.3421965000,24.93268425,119063315,3376466446.9300,,
2024-01-08,24.8269252500,25.1970817500,24.6330337500,24.79167225,81682070,2305065735.9200,,
2024-01-09,24.7828590000,24.9238710000,24.5889675000,24.82692525,55866306,1569684230.0200,,
2024-01-10,24.6947265000,24.9855637500,24.6947265000,24.72116625,45364048,1277638873.0900,,
2024-01-11,24.6771000000,25.1794552500,24.5449012500,25.0120035,73531826,2082611271.5300,,
2024-01-12,24.9062445000,25.3645335000,24.9062445000,25.1530155,57783201,1652242625.5500,,
2024-01-15,25.1177625000,25.5055455000,25.0031902500,25.35572025,48245229,1383953760.3600,,
2024-01-16,25.2323347500,25.6729972500,25.2058950000,25.67299725,85344024,2469511282.1300,,
2024-01-17,25.6641840000,26.0695935000,25.5848647500,25.72587675,130860146,3843478823.4400,,
2024-01-18,25.5055455000,26.1577260000,25.2058950000,26.0695935,129512645,3762050845.8400,,
2024-01-19,25.8845152500,26.3516175000,25.6818105000,26.20179225,96861623,2865398411.8300,,
2024-01-22,26.2282320000,26.8804125000,26.1753525000,26.66008125,154970267,4691297099.7000,,
2024-01-23,26.4485632500,26.7482137500,26.2634850000,26.43093675,88605552,2661547376.0900,,
2024-01-24,26.5719487500,26.6953342500,25.8933285000,26.51906925,97489239,2904947629.0400,,
2024-01-25,26.7129607500,27.3210750000,26.5983885000,27.2329425,123450922,3791899866.2500,,
2024-01-26,27.2505690000,27.6295387500,27.0214245000,27.426834,100991578,3132788305.0600,,
2024-01-29,27.4973400000,27.8498700000,27.4709002500,27.62953875,83882433,2632393040.2100,,
2024-01-30,27.4973400000,27.7617375000,27.1271835000,27.321075,74399913,2316762500.3000,,
2024-01-31,27.2505690000,27.4885267500,26.9597317500,27.06549075,80894928,2494516011.2800,,
2024-02-01,27.0302377500,27.1800630000,26.6160150000,26.8099065,85970009,2621519217.6100,,
2024-02-02,26.8363462500,27.0214245000,26.1224730000,26.64245475,98729165,2986530107.5800,,
2024-02-05,26.6424547500,27.2770087500,26.4926295000,27.06549075,106397881,3246673368.0400,,
2024-02-06,27.0654907500,27.6295387500,26.9685450000,27.61191225,106215843,3296036540.0800,,
2024-02-07,27.6912315000,27.7441110000,27.1536232500,27.59428575,111051058,3458135329.4600,,
2024-02-08,27.5942857500,27.7176712500,27.3387015000,27.673605,87300436,2728137528.1500,,
2024-02-19,28.1935867500,28.1935867500,27.6824182500,27.8674965,87549010,2770406837.2900,,
2024-02-20,27.8674965000,27.8674965000,27.5766592500,27.673605,60640469,1907541533.1800,,
2024-02-21,27.6736050000,29.4274417500,27.6295387500,29.083725,152865612,5003152628.4700,,
2024-02-22,28.9162732500,29.0396587500,28.5461167500,28.90746,75276038,2461009464.7500,,
2024-02-23,28.9162732500,29.4362550000,28.7488215000,29.03965875,63984872,2118316306.6900,,
2024-02-26,28.9603395000,29.1366045000,28.2729060000,28.42273125,66639018,2163023086.8600,,
2024-02-27,28.4139180000,28.5549300000,28.1935867500,28.3610385,54349154,1746108592.0200,,
2024-02-28,28.4579842500,28.4579842500,27.8498700000,28.2200265,68370752,2186677932.3700,,
2024-02-29,28.1054542500,28.3786650000,28.0702012500,28.237653,49892829,1595634178.3500,,
2024-03-01,28.1318940000,28.2729060000,27.9820687500,28.1495205,42717392,1361853700.9900,,
2024-03-04,27.9908820000,28.0878277500,27.7352977500,27.779364,59135015,1868022543.5900,,
2024-03-05,27.6912315000,28.3874782500,27.5942857500,28.3610385,89402867,2850224114.4100,,
2024-03-06,28.3257855000,28.4315445000,28.0878277500,28.08782775,51610177,1655425115.4700,,
2024-03-07,28.0878277500,28.3169722500,28.0085085000,28.2024,51949197,1659111448.5000,,
2024-03-08,28.1054542500,28.2112132500,27.8058037500,27.91156275,44107117,1399732268.5700,,
2024-03-11,27.8058037500,27.9820687500,27.4973400000,27.744111,73853794,2318402185.3300,,
2024-03-12,27.6912315000,28.3345987500,27.5678460000,28.15833375,76925375,2447163517.3000,,
2024-03-13,28.1671470000,28.1935867500,27.7000447500,27.779364,46938714,1482651383.6900,,
2024-03-14,27.7264845000,27.9556290000,27.4620870000,27.54140625,50817498,1595073269.3300,,
2024-03-15,27.5325930000,27.6912315000,27.3210750000,27.4797135,52078063,1621589212.6400,,
2024-03-18,27.4532737500,27.6207255000,27.3210750000,27.43564725,46189770,1436837360.4700,,
2024-03-19,27.4092075000,27.4180207500,27.0831172500,27.14481,54702530,1688506946.3700,,
2024-03-20,27.1448100000,27.4973400000,27.0214245000,27.4797135,49827225,1544956630.5400,,
2024-03-21,27.4709002500,27.9908820000,27.3651412500,27.80580375,64676108,2040298376.2500,,
2024-03-22,27.7881772500,27.8058037500,27.2329425000,27.49734,55287852,1722145155.5100,,
2024-03-25,27.4180207500,27.7705507500,27.2505690000,27.62953875,48375902,1514858504.9500,,
2024-03-26,28.0261350000,28.7840745000,27.9644422500,28.55493,124430791,4014510510.1200,,
2024-03-27,28.4579842500,28.7752612500,28.3874782500,28.4667975,78208488,2539984050.4500,,
2024-03-28,28.5020505000,28.6430625000,28.2640927500,28.3610385,69474492,2242513221.6500,,
2024-03-29,28.2905325000,28.7664480000,28.2640927500,28.378665,51400131,1663236764.0500,,
2024-04-01,28.3610385000,28.9515262500,28.3610385000,28.766448,57015232,1861582315.8200,,
2024-04-02,28.8193275000,29.0132190000,28.5901830000,28.68712875,53661899,1753251096.9900,,
2024-04-03,28.6783155000,28.7576347500,28.4051047500,28.40510475,49808163,1612691615.9600,,
2024-04-08,28.4139180000,28.6959420000,28.2288397500,28.55493,47729123,1544564957.2600,,
2024-04-09,28.6430625000,28.7576347500,28.4756107500,28.47561075,38477207,1248965234.8900,,
2024-04-10,28.3698517500,28.8017010000,28.3698517500,28.63424925,50401372,1638691786.1600,,
2024-04-11,28.4756107500,28.5725565000,28.3169722500,28.4667975,44374773,1432073800.5300,,
2024-04-12,28.4491710000,28.6166227500,28.2552795000,28.308159,47820414,1540845216.2300,,
2024-04-15,28.2905325000,29.0837250000,28.2817192500,28.93389975,76464473,2503221028.7000,,
2024-04-16,28.8281407500,29.0572852500,28.5989962500,28.86339375,74155610,2429469044.5300,,
2024-04-17,28.8105142500,29.5155742500,28.6166227500,29.3481225,94821196,3131202073.9200,,
2024-04-18,29.3128695000,30.0531825000,29.2511767500,29.65658625,100657401,3393695785.4000,,
2024-04-19,29.5772670000,29.8240380000,29.4538815000,29.6301465,54038350,1818443520.5300,,
2024-04-22,29.7711585000,30.1325017500,29.1277912500,29.3833755,60753507,2034006573.1200,,
2024-04-23,29.3481225000,29.8064115000,29.2864297500,29.4186285,51245244,1717681681.7700,,
2024-04-24,29.4186285000,29.5684537500,29.1718575000,29.4891345,44338353,1480785928.6400,,
2024-04-25,29.4715080000,30.3175800000,29.4186285000,30.31758,91948180,3136628386.3400,,
2024-04-26,30.3175800000,30.7318027500,30.1589415000,30.388086,95489883,3292052901.6000,,
2024-04-29,30.3175800000,30.9873870000,30.1413150000,30.740616,81806412,2854804596.4300,,
2024-04-30,30.3175800000,30.4762185000,30.0091162500,30.23826075,86804180,2982962843.7600,,
2024-05-06,30.9345075000,31.1636520000,30.5996040000,30.740616,100070494,3501168455.6400,,
2024-05-07,30.7406160000,30.8023087500,30.5202847500,30.73180275,47384857,1649813220.8600,,
2024-05-08,30.6877365000,30.8111220000,30.4497787500,30.46740525,41286158,1434042864.9300,,
2024-05-09,30.4938450000,30.7846822500,30.4938450000,30.705363,51239131,1782846432.2600,,
2024-05-10,30.7053630000,31.5955012500,30.6701100000,31.3927965,94036570,3331360840.4900,,
2024-05-13,31.2341580000,31.7893927500,31.1372122500,31.64838075,74780026,2674602937.5400,,
2024-05-14,31.6307542500,31.8422722500,31.0226400000,31.1460255,68777884,2440460308.8500,,
2024-05-15,31.1372122500,31.2341580000,30.5731642500,30.89044125,67494406,2361226414.7600,,
2024-05-16,30.9168810000,32.1242962500,30.8463750000,31.94803125,129147553,4659047071.0400,,
2024-05-17,31.9920975000,32.5208925000,31.7805795000,32.47682625,91687944,3342837157.8600,,
2024-05-20,32.4768262500,32.6090250000,31.8070192500,32.0626035,91425000,3337501051.0500,,
2024-05-21,32.0449770000,32.1859890000,31.8422722500,31.939218,44599944,1620630879.8600,,
2024-05-22,31.9215915000,32.0626035000,31.5161820000,31.7805795,66447739,2398900244.0200,,
2024-05-23,31.6395675000,31.7365132500,31.1283990000,31.2870375,92458495,3284073836.5800,,
2024-05-24,31.1107725000,31.2694110000,30.5467245000,30.6172305,87044000,3051224758.1400,,
2024-05-27,30.7141762500,31.0314532500,30.6260437500,30.9697605,57093814,1997775668.5700,,
2024-05-28,30.9345075000,31.1372122500,30.5996040000,30.69654975,47619058,1660811058.1700,,
2024-05-29,30.6260437500,30.8992545000,30.3704595000,30.46740525,49104118,1703567317.8500,,
2024-05-30,30.3616462500,30.7582425000,30.1236885000,30.2647005,55924484,1928489153.7100,,
2024-05-31,30.4321522500,30.4938450000,30.2118210000,30.211821,50893248,1752657846.2600,,
2024-06-03,30.1589415000,30.2999535000,29.8945440000,30.09724875,60811135,2071791244.8800,,
2024-06-04,30.0972487500,30.5643510000,30.0531825000,30.4409655,53378842,1840296168.7500,28.408894447500003,
2024-06-05,30.5643510000,30.5819775000,29.8681042500,29.95623675,69104122,2359792656.0000,28.465387379999996,
2024-06-06,30.0443692500,30.1413150000,29.7711585000,29.96505,67724066,2302856624.4000,28.520293927500003,
2024-06-07,30.0091162500,30.1853812500,29.6565862500,29.95623675,67826559,2298090329.6700,28.5747598125,
2024-06-11,29.7711585000,29.9386102500,29.1894840000,29.401002,69044831,2309722312.7900,28.619442990000003,
2024-06-12,29.3921887500,29.4010020000,29.0396587500,29.16304425,51138059,1693037687.6800,28.66315671,
2024-06-13,29.2599900000,29.2776165000,28.8369540000,28.9250865,55018421,1808251998.1000,28.704138322499997,
2024-06-14,28.9250865000,29.9826765000,28.9250865000,29.79759825,99167429,3324856784.7700,28.7549026425,
2024-06-17,29.6125200000,29.7887850000,29.4274417500,29.72709225,45768248,1539063151.5800,28.80205353,
2024-06-18,29.8416645000,30.2294475000,29.6301465000,29.70946575,45367539,1538144777.4000,28.847618032499998,
2024-06-19,29.7094657500,30.3175800000,29.6653995000,30.09724875,58593722,1997678159.0500,28.895033317499998,
2024-06-20,30.1060620000,30.1677547500,29.8769175000,29.97386325,39246667,1336247231.5000,28.938041977500003,
2024-06-21,29.8592910000,30.0355560000,29.5155742500,29.7006525,52396280,1765822361.7600,28.977789734999998,
2024-06-24,29.7799717500,30.1589415000,29.5155742500,30.02674275,69258954,2350203463.6100,29.0173612275,
2024-06-25,30.0267427500,30.3792727500,29.9386102500,30.2294475,63816020,2187945493.8100,29.05763778,
2024-06-26,30.1236885000,30.2823270000,29.9209837500,30.0179295,45263801,1545807548.4500,29.0912162625,
2024-06-27,29.9297970000,30.2647005000,29.8152247500,30.1941945,55517260,1894891373.4100,29.12884884,
2024-06-28,30.1413150000,30.3880860000,30.0003030000,30.13250175,52574940,1799951938.9500,29.164983165,
2024-07-01,30.1325017500,30.3175800000,29.9209837500,30.282327,47223865,1616131282.6200,29.19547701,
2024-07-02,30.2999535000,31.0667062500,30.2823270000,30.916881,86877071,3041833255.0200,29.230377479999998,
2024-07-03,30.8551882500,30.9256942500,30.2382607500,30.3704595,69137270,2388331234.2600,29.257786687499998,
2024-07-04,30.4409655000,30.8816280000,30.3880860000,30.59079075,69691892,2424281265.7800,29.290483844999997,
2024-07-05,30.5907907500,30.6965497500,29.6653995000,29.859291,96778276,3295568198.6200,29.318421847499998,
2024-07-08,29.8328512500,30.1677547500,29.7094657500,29.95623675,54573002,1855611836.2700,29.34988515,
2024-07-09,29.9562367500,30.4497787500,29.7182790000,30.37927275,62103701,2124005154.2100,29.38725333,
2024-07-10,30.3792727500,30.8463750000,30.3616462500,30.564351,72631424,2524474646.1000,29.422241932499997,
2024-07-11,30.9100843200,30.9568045200,30.6391071600,30.7418916,73238896,2411951386.3100,29.453541725999997,
2024-07-12,30.8446760400,31.8444883200,30.8446760400,31.769736,94490425,3199683546.9100,29.495296228500003,
2024-07-15,31.7697360000,31.8164562000,31.5081028800,31.56416712,47460366,1605883747.1600,29.534201849700004,
2024-07-16,31.5454790400,31.6669515600,31.2651578400,31.57351116,45579255,1535668998.2900,29.5712619963,
2024-07-17,31.4894148000,31.9472727600,31.4426946000,31.83514428,57795422,1964635267.0300,29.6128773891,
2024-07-18,31.8351442800,32.0033370000,31.5454790400,31.85383236,59862717,2036474279.6900,29.6405784627,
2024-07-19,31.7697360000,32.0500572000,31.3866303600,32.003337,81007218,2749172009.5200,29.671537232699997,
2024-07-22,31.9285846800,31.9285846800,30.9194283600,31.15302936,80820577,2694241974.7400,29.692670938799996,
2024-07-23,31.1530293600,31.4987588400,31.0502449200,31.15302936,53875468,1803269600.3100,29.7199739199,
2024-07-24,31.2558138000,31.3772863200,30.8633641200,31.00352472,48245294,1604648703.1600,29.7463987821,
2024-07-25,31.0409008800,31.1343412800,30.2466574800,30.67648332,76207854,2496804672.6700,29.770963350299997,
2024-07-26,30.6484512000,30.8727081600,30.0037124400,30.24665748,60146167,1952156131.9800,29.791053395100004,
2024-07-29,30.2560015200,30.5082906000,30.0878088000,30.3214098,41347533,1343740115.0700,29.8127722881,
2024-07-30,30.2746896000,30.4522263600,30.0410886000,30.29337768,39078161,1264925928.5100,29.8379124249,
2024-07-31,30.2933776800,30.8353320000,30.1345290000,30.58304292,59536965,1948675368.1300,29.860132469099998,
2024-08-01,30.5830429200,30.6951714000,30.1532170800,30.56435484,40913881,1332771462.5500,29.88489774,
2024-08-02,30.2933776800,30.4615704000,30.1158409200,30.16256112,38613024,1250037016.6400,29.904499351200002,
2024-08-05,30.0878088000,30.3868180800,29.9476482000,29.9943684,58441984,1884940814.9600,29.925327407700003,
2024-08-06,30.2373134400,30.2653455600,29.4430700400,29.6206068,51438864,1637765271.6900,29.944092365699998,
2024-08-07,29.6486389200,29.8074876000,29.4804462000,29.50847832,39073173,1238023516.3500,29.9575938114,
2024-08-08,29.5365104400,29.8822399200,29.3215975200,29.83551972,39459978,1252394781.5200,29.9781553686,
2024-08-09,29.8728958800,30.4428823200,29.7233912400,30.20928132,48274847,1561254687.4500,30.0048341193,
2024-08-12,30.1812492000,30.2186253600,29.8355197200,30.01305648,31894321,1023447631.7800,30.0301675491,
2024-08-13,29.9943684000,30.1158409200,29.6766710400,29.84486376,28237769,902009895.5100,30.054259714199997,
2024-08-14,29.8074876000,30.0317445600,29.7233912400,29.77011144,28244610,901196910.6000,30.080512728600002,
2024-08-15,29.7607674000,30.7605796800,29.5738866000,30.61107504,73978983,2409557382.7900,30.111826344,
2024-08-16,30.6017310000,31.0689330000,30.5736988800,30.9754926,41850302,1383877362.2800,30.1435232325,
2024-08-19,31.0689330000,31.3025340000,30.8633641200,31.22778168,42284342,1409948503.1600,30.1808276493,
2024-08-20,31.2558138000,31.3959744000,30.9848366400,31.28384592,42372873,1415473210.5100,30.217370720999998,
2024-08-21,31.1156532000,31.2371257200,30.6671392800,31.05958896,37810105,1254587420.8900,30.2424173106,
2024-08-22,31.0969651200,31.3492542000,31.0035247200,31.1156532,38286399,1276718683.4700,30.268905867599997,
2024-08-23,31.0876210800,31.6295754000,30.9007402800,31.4894148,46558726,1561509818.1000,30.300189630600002,
2024-08-26,31.4894148000,31.6202313600,31.2745018800,31.55482308,35117460,1182990039.6400,30.3319512114,
2024-08-27,31.5548230800,31.7136717600,31.3305661200,31.4894148,38720857,1308314397.4300,30.3591808794,
2024-08-28,31.6108873200,31.7510479200,31.2464697600,31.47072672,41523208,1398682394.0500,30.3870168591,
2024-08-29,31.3866303600,31.5548230800,30.7418916000,30.76992372,51638782,1712021359.3800,30.410665048800002,
2024-08-30,30.6484512000,30.9381164400,30.0130564800,30.0410886,111222983,3618077500.2600,30.425526634799997,
2024-09-02,29.9009280000,30.2560015200,29.7514233600,29.83551972,55802065,1787602792.3900,30.4391257245,
2024-09-03,29.9102720400,29.9756803200,29.3402856000,29.54585448,50575188,1596269779.9600,30.4482417768,
2024-09-04,29.4617581200,29.8355197200,29.2935654000,29.30290944,38052590,1198859445.9400,30.456602896200003,
2024-09-05,29.3029094400,29.3776617600,28.8730836000,29.1534048,54206345,1687017960.4400,30.4650553542,
2024-09-06,29.2001250000,29.6579829600,29.1534048000,29.200125,38318214,1206615762.4100,30.4677176067,
2024-09-09,28.9478359200,28.9571799600,28.0694961600,28.25637696,87107347,2641195520.9500,30.4616474388,
2024-09-10,28.2657210000,28.4339137200,27.9760557600,28.20965676,47602357,1435849554.5400,30.450262781400003,
2024-09-11,28.1629365600,28.2190008000,27.9667117200,28.10687232,41579376,1249059023.1100,30.4347656421,
2024-09-12,28.1255604000,28.4993220000,27.9760557600,28.24703292,41026697,1242374644.9900,30.4209345063,
2024-09-13,28.2937531200,28.8730836000,28.0321200000,28.5927624,49597443,1520857906.3200,30.4130283753,
2024-09-18,28.6021064400,29.1534048000,28.6021064400,29.06930844,41854027,1295345114.3500,30.4095351747,
2024-09-19,29.1534048000,29.1814369200,28.6207945200,28.79833128,45119126,1393040941.6900,30.402627142500002,
2024-09-20,28.7983312800,29.0693084400,28.6488266400,28.91045976,48741755,1505998311.9200,30.3885559401,
2024-09-23,28.8263634000,29.4243819600,28.8170193600,29.33094156,34460872,1076332364.9600,30.3779844957,
2024-09-24,29.6019187200,30.9661485600,29.5925746800,30.95680452,136121800,4427310186.1600,30.3801463809,
2024-09-25,31.6295754000,32.2275939600,31.4894148000,31.9098966,185624279,6327661420.9700,30.3968627394,
2024-09-26,31.9192406400,33.0592135200,31.6856396400,33.05921352,174532999,6068657571.5800,30.420048714599996,
2024-09-27,33.7413284400,34.1057460000,32.6200436400,33.29281452,74545782,2653812670.1900,30.4456588323,
2024-09-30,33.9655854000,35.5073520000,33.5637916800,35.14293444,256101260,9443438268.1600,30.4924141242,
2024-10-08,38.6562934800,38.6562934800,36.2735632800,37.37616,297303868,11999361938.2300,30.559122094200003,
2024-10-09,37.0958388000,37.1145268800,34.5822920400,34.58229204,185593210,7113813984.5100,30.5910170496,
2024-10-10,34.9467096000,36.9089580000,34.9467096000,36.18946692,143329841,5528664144.4400,30.636427911300004,
2024-10-11,36.1894669200,36.6473248800,35.5353841200,35.90914572,90347580,3498241860.0700,30.6840591135,
2024-10-14,36.4511000400,37.1892792000,36.1520907600,36.75010932,129293839,5076841419.7600,30.7426557942,
2024-10-15,36.6006046800,37.3668159600,35.9745540000,35.974554,95597653,3755705942.0700,30.782921021699998,
2024-10-16,35.6475126000,36.9089580000,35.6288245200,36.908958,101254815,3963555264.7100,30.8272423392,
2024-10-17,36.9369901200,37.1799351600,35.9652099600,35.96520996,84892228,3315820470.7500,30.8662684038,
2024-10-18,35.9838980400,36.8435497200,35.7035768400,36.4884762,92819433,3603949497.5500,30.9117609858,
2024-10-21,36.5819166000,36.5819166000,35.9745540000,36.3015954,71753946,2780905731.1800,30.9569711448,
2024-10-22,36.2922513600,37.0023984000,36.2081550000,36.60060468,60052610,2352800199.3300,31.0101068166,
2024-10-23,36.4978202400,37.3200957600,36.4604440800,37.05846264,62709968,2482861345.3800,31.074519138,
2024-10-24,36.9556782000,37.0771507200,36.5725725600,36.73142124,33631220,1323826642.8000,31.132135745399996,
2024-10-25,36.6753570000,36.8996139600,36.4978202400,36.5351964,44793119,1756222718.6200,31.190522211899996,
2024-10-28,36.4511000400,36.5351964000,35.7689851200,35.99324208,66464094,2559210507.2100,31.245780580199998,
2024-10-29,36.0679944000,36.5351964000,35.8904576400,36.0679944,51468161,1990283153.7100,31.3038135192,
2024-10-30,35.9838980400,36.3483156000,35.1429344400,35.39522352,70340828,2680423056.4200,31.3556475444,
2024-10-31,35.3204712000,35.4980079600,34.4888516400,34.90933344,85039251,3173924098.6400,31.403768391299995,
2024-11-01,34.9840857600,35.7876732000,34.9280215200,35.51669604,70310211,2671523514.7000,31.4545256967,
2024-11-04,35.6007924000,36.2081550000,34.9560536400,36.208155,64661209,2466019719.3600,31.517044879199997,
2024-11-05,35.9091457200,36.5351964000,35.8811136000,36.51650832,62874476,2445317943.2400,31.5825594624,
2024-11-06,36.4417560000,36.5165083200,35.6475126000,36.03061824,64833629,2501077844.6600,31.643303277300003,
2024-11-07,35.8998016800,36.9837103200,35.8624255200,36.97436628,74347218,2904874006.1900,31.7190369201,
2024-11-08,37.0771507200,37.2359994000,36.2081550000,36.2548752,74536846,2920926027.0600,31.7899552296,
2024-11-11,35.7876732000,36.1614348000,35.4045675600,35.81570532,70314555,2682610299.3100,31.8588614178,
2024-11-12,35.6848887600,36.2922513600,35.0494940400,35.12424636,89328928,3399364219.3300,31.9121278989,
2024-11-13,35.1242463600,35.4886639200,35.0494940400,35.33915928,48530440,1833809094.2300,31.9682485692,
2024-11-14,35.1896546400,35.9558659200,35.0681821200,35.56341624,67644030,2585688545.7000,32.0267880741,
2024-11-15,35.5821043200,36.0399622800,35.3298152400,35.33915928,69927688,2671344641.8500,32.0792071794,
2024-11-18,35.5540722000,36.1240586400,35.3204712000,35.4139116,76344807,2918992439.9200,32.1336076629,
2024-11-19,35.4232556400,35.6755447200,34.9934298000,35.24571888,52124855,1967719175.3100,32.1890583267,
2024-11-20,35.3204712000,35.3671914000,34.9467096000,35.02146192,45129126,1693331536.2800,32.2390055184,
2024-11-21,35.0214619200,35.1896546400,34.8252370800,34.97474172,35033614,1309684433.4100,32.2864584606,
2024-11-22,34.9747417200,35.0868702000,33.9749294400,34.0590258,69049090,2544524441.3300,32.326869423599994,
2024-11-25,34.2926268000,34.4421314400,33.7506724800,33.84411288,53409473,1945383409.7700,32.3633686074,
2024-11-26,33.6665761200,34.1804983200,33.4890393600,34.00296156,45942121,1666651768.4200,32.4020732055,
2024-11-27,34.0029615600,34.2739387200,33.7413284400,34.1991864,39207688,1429782933.4600,32.441241799500006,
2024-11-28,34.1991864000,34.4327874000,33.8067367200,34.07771388,45193910,1647865702.0900,32.4728501283,
2024-11-29,34.1898423600,34.5729480000,33.9282092400,33.95624136,66437999,2437776752.3800,32.508707946899996,
2024-12-02,34.0590258000,34.2739387200,33.8254248000,34.11509004,42465209,1548959359.8800,32.5439509398,
2024-12-03,34.2459066000,34.7785168800,33.9936175200,34.68507648,72198609,2658919819.0200,32.5922087946,
2024-12-04,34.6570443600,34.6570443600,34.1337781200,34.39541124,62051124,2285383468.9400,32.6366005395,
2024-12-05,34.2552506400,34.9093334400,34.2085304400,34.48885164,56894934,2108115264.7900,32.6776963284,
2024-12-06,34.5822920400,35.3391592800,34.5822920400,35.2270308,87723587,3296793041.6300,32.7243231264,
2024-12-09,35.1242463600,35.4980079600,34.8999894000,35.2270308,49299535,1859542282.6700,32.7691745184,
2024-12-10,36.2548752000,36.4324119600,35.8811136000,36.0679944,103895319,4022695500.7800,32.81215710239999,
2024-12-11,36.0119301600,36.2455311600,35.7222649200,35.7876732,51770936,1988895959.3300,32.854392163199996,
2024-12-12,35.7783291600,36.2829073200,35.7035768400,36.2548752,58688876,2267252620.6000,32.9012058036,
2024-12-13,35.9278338000,36.0679944000,34.8345811200,34.8532692,111798280,4213094969.0500,32.9313870528,
2024-12-16,34.8999894000,35.3017831200,34.8719572800,35.26440696,64031589,2409086953.5900,32.9654927988,
2024-12-17,35.0775261600,35.6568566400,35.0775261600,35.3671914,60310408,2287237539.4700,32.9991313428,
2024-12-18,35.5260400800,36.1240586400,35.3765354400,35.99324208,80585536,3101731956.1800,33.047533470000005,
2024-12-19,35.8624255200,36.0025861200,35.5073520000,35.52604008,61119582,2336249857.0600,33.0912635772,
2024-12-20,35.5540722000,35.7689851200,35.3765354400,35.42325564,54215038,2060744582.2400,33.135460886400004,
2024-12-23,35.4980079600,36.1614348000,35.4886639200,35.8343934,90269156,3473126152.1900,33.1870399872,
2024-12-24,35.8343934000,36.7127331600,35.8063612800,36.64732488,99342846,3875223368.2700,33.2510466612,
2024-12-25,36.6566689200,36.9650222400,36.4324119600,36.8155176,75591307,2972981820.9700,33.3159877392,
2024-12-26,36.8155176000,36.9463341600,36.4511000400,36.89026992,53925194,2125139424.6300,33.3819566616,
2024-12-27,36.8902699200,37.0397745600,36.2361871200,36.75945336,70031955,2742768758.4900,33.443720766,
2024-12-30,36.7594533600,37.1892792000,36.6753570000,37.02108648,67884533,2690314729.0200,33.5082880824,
2024-12-31,36.9650222400,37.2827196000,36.7220772000,36.7220772,64371699,2549055493.9400,33.5738832432,
2025-01-02,36.7687974000,36.9089580000,35.8250493600,35.98389804,64200070,2493694677.0000,33.6337785396,
2025-01-03,36.0679944000,36.4791321600,36.0119301600,36.12405864,68258306,2646967328.6000,33.698813058,
2025-01-06,36.3483156000,36.5351964000,35.6288245200,36.4884762,61715863,2394244404.2700,33.768613036800005,
2025-01-07,36.4137238800,36.5819166000,36.0773384400,36.3483156,49275205,1917344813.6200,33.8337409956,
2025-01-08,36.2829073200,36.9556782000,36.2735632800,36.70338912,75148102,2952943868.0800,33.8986820736,
2025-01-09,36.8155176000,36.8435497200,36.2829073200,36.441756,44708335,1748399288.4800,33.9629690688,
2025-01-10,36.7594533600,36.8622378000,36.2642192400,36.42306792,48142480,1881660497.3700,34.0287511104,
2025-01-13,36.3763477200,36.5819166000,36.0119301600,36.50716428,60632274,2360608443.5000,34.0961216388,
2025-01-14,36.5258523600,37.3481278800,36.3483156000,37.2359994,70801188,2802857577.7800,34.1623708824,
2025-01-15,37.3668159600,38.3105640000,37.2733755600,37.97417856,79670088,3234242853.2900,34.232357742,
2025-01-16,37.9835226000,38.4507246000,37.8713941200,38.30121996,59259386,2423118468.9500,34.3030921248,
2025-01-17,38.2731878400,38.4600686400,37.4976325200,38.03958684,47590050,1936832044.4700,34.370649534,
2025-01-20,38.2918759200,38.3759722800,37.4789444400,37.48828848,54257482,2195966480.0200,34.4349365292,
2025-01-21,37.6751692800,37.8527060400,37.3855040400,37.50697656,40068506,1613495366.6100,34.4988497628,
2025-01-22,37.5069765600,37.5256646400,36.7407652800,36.8622378,58891222,2327377020.7500,34.552577992799996,
2025-01-23,37.0678066800,37.5910729200,36.9276460800,37.21731132,60661810,2417576582.5800,34.6092028752,
2025-01-24,37.0584626400,37.8900822000,36.8715818400,37.61910504,57465234,2312073725.6300,34.6704997776,
2025-01-27,37.9181143200,38.2825318800,37.8900822000,37.9835226,52606047,2144848680.7900,34.7356277364,
2025-02-05,38.1704034000,38.2171236000,37.2827196000,37.37616,50478889,2030411801.9600,34.8016900992,
2025-02-06,37.3761600000,37.7312335200,37.1238709200,37.5630408,46608842,1866867477.7700,34.8769096212,
2025-02-07,37.4696004000,37.7499216000,37.3387838400,37.5630408,52106618,2092855370.4300,34.954184832,
2025-02-10,37.5630408000,38.2358116800,37.3387838400,37.9368024,58180595,2357786973.5000,35.0380943112,
2025-02-11,38.0769630000,38.3479401600,37.9741785600,38.29187592,45777119,1872296623.4600,35.127983976,
2025-02-12,38.2731878400,38.9272706400,37.8994262400,38.88989448,60359149,2484722115.4000,35.2253488728,
2025-02-13,38.9179266000,39.1982478000,38.6282613600,38.97399084,46220698,1927409815.8500,35.3230875312,
2025-02-14,38.9553027600,39.2730001200,38.7964540800,39.27300012,49873690,2086301719.7200,35.4332537628,
2025-02-17,39.2356239600,39.2356239600,38.6469494400,38.98333488,53612561,2228540281.8000,35.540990544,
2025-02-18,38.7871100400,39.6934819200,38.7871100400,39.2916882,54666539,2301403254.1700,35.6528387028,
2025-02-19,39.2449680000,39.3851286000,39.0207110400,39.22627992,37470223,1572476675.6000,35.7626311728,
2025-02-20,39.2449680000,39.3290643600,38.9459587200,39.1048074,40767508,1705724683.5400,35.8677516228,
2025-02-21,39.2075918400,39.2356239600,38.5161328800,38.6843256,59525579,2467492897.5500,35.9639017944,
2025-02-24,38.6749815600,39.0113670000,38.4040044000,38.56285308,57110709,2361716150.9400,36.0615470124,
2025-02-25,38.4507246000,38.7217017600,38.2264676400,38.33859612,50732120,2088784244.3500,36.155828376,
2025-02-26,38.4320365200,38.9646468000,38.3572842000,38.75907792,47644661,1974231834.2000,36.2501097396,
2025-02-27,38.8712064000,39.6187296000,38.5721971200,39.60004152,62259657,2611617502.5800,36.3365421096,
2025-02-28,39.6000415200,39.8616746400,39.2916882000,39.2916882,70542365,2985755469.3900,36.4103600256,
2025-03-03,39.3570964800,39.8242984800,39.1982478000,39.2916882,47014902,1983165730.0200,36.4726847724,
2025-03-04,39.1608716400,39.3384084000,39.0300550800,39.0580872,31724542,1329037847.1800,36.5303374992,
2025-03-05,39.2075918400,40.0952756400,39.0113670000,40.07658756,63203743,2689749943.9700,36.5796740304,
2025-03-06,40.0765875600,40.2728124000,39.6654498000,40.14199584,57205304,2450800590.5600,36.6073323888,
2025-03-07,40.0859316000,40.9268952000,40.0392114000,40.71198228,60541319,2626484643.8200,36.6686292912,
2025-03-10,40.6372299600,40.7213263200,40.0111792800,40.24478028,50874971,2191791877.7900,36.7091824248,
2025-03-11,39.9644590800,40.7773905600,39.9083948400,40.65591804,56574109,2447134269.2700,36.756650148000006,
2025-03-12,40.6465740000,40.9829594400,40.4129730000,40.68395016,41825836,1822497448.1700,36.7959885564,
2025-03-13,40.7400144000,41.4688495200,40.6465740000,40.96427136,58553928,2575079639.8400,36.84588573,
2025-03-14,41.1137760000,42.4873498800,41.0577117600,42.19768464,91127535,4095818342.5100,36.8987729964,
2025-03-17,42.3471892800,42.5153820000,42.0294919200,42.08555616,65420973,2957486225.0900,36.9599764584,
2025-03-18,42.3191571600,42.4032535200,41.8799872800,42.17899656,42822001,1933102847.8300,37.016881662,
2025-03-19,42.3098131200,43.0760244000,42.1416204000,43.00127208,67070594,3061182014.7200,37.083878428800006,
2025-03-20,42.9078316800,42.9078316800,41.8426111200,42.27243696,67865603,3067327046.6800,37.1405967516,
2025-03-21,42.1603084800,42.3658773600,41.5996660800,41.7678588,67541170,3030118214.6100,37.1876907132,
2025-03-24,41.6276982000,42.2257167600,41.6276982000,42.0949002,44957619,2018232265.5900,37.2413255028,
2025-03-25,42.0481800000,42.5153820000,42.0014598000,42.13227636,35687155,1610425397.2300,37.2972963024,
2025-03-26,41.5809780000,41.6650743600,39.8149544400,39.86167464,157832632,6817699594.1600,37.335980627999994,
2025-03-27,39.9457710000,40.8708309600,39.9364269600,40.42231704,82795081,3583722317.6400,37.3795238544,
2025-03-28,40.4596932000,40.5998538000,40.2354362400,40.38494088,38618409,1671063293.8400,37.429421028,
2025-03-31,40.3755968400,40.9082071200,39.8149544400,40.45034916,53956888,2334387176.6400,37.4848311852,
2025-04-01,40.4410051200,40.4503491600,39.9457710000,40.05789948,38936035,1671945742.9500,37.5302432196,32.464554454600005
2025-04-02,40.0578994800,40.3195326000,39.8803627200,39.92708292,33120189,1420244307.6200,37.5674324988,32.516621586
2025-04-03,39.2636560800,40.0392114000,39.2636560800,39.8523306,46416550,1977833088.9500,37.6007907216,32.567881370500004
2025-04-07,38.2544997600,39.2449680000,36.8061735600,38.15171532,181563292,7360169683.8100,37.6220016924,32.613354927399996
2025-04-08,38.1049951200,38.4974448000,37.7872977600,38.4507246,161047736,6562173339.5000,37.6367652756,32.6584150619
2025-04-09,37.9368024000,38.3292520800,37.6564812000,37.80598584,97396935,3956703948.8700,37.652276382,32.7017961072
2025-04-10,38.3012199600,38.7310458000,37.8900822000,38.4040044,74378875,3057795207.8400,37.6781593728,32.7470530377
2025-04-11,38.4133484400,38.9553027600,38.1330272400,38.78711004,58305691,2404586565.5200,37.7147880096,32.793939517
2025-04-14,38.9459587200,39.1608716400,38.6936696400,38.75907792,48215984,2006762052.6200,37.748987196,32.8397630984
2025-04-15,38.7684219600,39.5159451600,38.7310458000,39.3384084,61456386,2578602434.7100,37.7867371176,32.8870477414
2025-04-16,39.2262799200,39.7869223200,39.0767752800,39.478569,57629358,2425842588.5100,37.8281312148,32.9341239039
2025-04-17,39.3570964800,39.5813534400,39.1048074000,39.35709648,40579288,1711632454.0800,37.8675630636,32.979737568
2025-04-18,39.3664405200,39.9831471600,39.2916882000,39.945771,43500128,1849158561.9000,37.9145635848,33.0271372155
2025-04-21,39.8616746400,40.2541243200,39.5066011200,39.50660112,41646585,1774479137.6500,37.9594149768,33.071927240899996
2025-04-22,39.5346332400,39.7495461600,39.2543120400,39.25431204,43378813,1831804303.8900,38.00221068,33.1154356402
2025-04-23,39.5252892000,39.5252892000,39.0300550800,39.23562396,46774359,1965588260.6300,38.0539766616,33.1573541159
2025-04-24,39.2449680000,39.6000415200,39.1982478000,39.44119284,41365185,1747384623.6200,38.1099474612,33.2007216362
2025-04-25,39.5159451600,39.7588902000,39.2823441600,39.31972032,42434993,1792844932.5900,38.1631150488,33.2433904731
2025-04-28,39.3851286000,39.7682342400,39.2730001200,39.5720094,38697317,1639160750.0800,38.2168432788,33.2845206961
2025-04-29,39.5720094000,39.8523306000,39.2449680000,39.244968,45769853,1933096299.1100,38.26851582,33.3239144761
2025-04-30,38.9085825600,38.9085825600,37.8527060400,38.06761896,117268210,4782474913.5000,38.30962959600001,33.3587080768
2025-05-06,38.2171236000,38.6936696400,37.8527060400,38.65629348,66640999,2734586583.6600,38.3550416304,33.3964921384
2025-05-07,39.0487431600,39.4598809200,38.6002292400,39.26365608,71291388,2985699306.3300,38.4008274264,33.437152689499996
2025-05-08,39.2543120400,40.5718216800,39.2449680000,39.9924912,83380964,3581050505.3300,38.456798226000004,33.481094638500004
2025-05-09,39.9924912000,40.7400144000,39.9924912000,40.62788592,66815472,2897563044.6800,38.5181885688,33.5277127424
2025-05-12,40.5998538000,41.4875376000,40.2821564400,40.9268952,84897409,3724155033.6700,38.575187212799996,33.5739174239
2025-05-13,41.1978723600,41.7211386000,40.9736154000,41.63704224,69912417,3099990420.1200,38.6392873272,33.6206678572
2025-05-14,41.6276982000,42.3285012000,41.4127852800,41.87064324,71279018,3194543663.1900,38.6973138156,33.6682557155
2025-05-15,41.8893313200,42.4032535200,41.7211386000,41.97342768,68460048,3080577618.4100,38.7591713604,33.7159217911
2025-05-16,41.8145790000,42.0294919200,41.1418081200,41.36606508,61965535,2743750955.8900,38.8102832592,33.760917019699995
2025-05-19,41.3006568000,41.5436018400,40.8801750000,40.96427136,50281701,2213557250.2800,38.8713932808,33.8052192409
2025-05-20,41.1418081200,41.6837624400,40.9923034800,41.0203356,50053483,2210731576.0600,38.9289525672,33.8450079429
2025-05-21,41.0670558000,41.4595054800,40.9642713600,41.0203356,49920035,2199193618.3600,38.9854840092,33.885384194900006
2025-05-22,41.0203356000,41.6370422400,40.8801750000,41.59032204,56565562,2503244591.0500,39.0414548088,33.927219739200005
2025-05-23,41.5903220400,41.7491707200,41.0203356000,41.1604962,54146009,2395482582.1100,39.09779937,33.969678955700005
2025-05-26,41.0109915600,41.2726246800,40.7680465200,40.9268952,45609975,2000068964.3100,39.152835765599995,34.01156514470001
2025-05-27,40.9268952000,41.2539366000,40.8054226800,40.87083096,36375001,1594752083.7600,39.2032001412,34.0537344929
2025-05-28,40.9082071200,41.1604962000,40.7400144000,40.81476672,30035524,1313730557.3100,39.2448745596,34.0956582053
2025-05-29,40.8334548000,41.0670558000,40.5998538000,40.61854188,49298970,2152530685.5700,39.2829048024,34.1372216099
2025-05-30,40.6932942000,41.0016475200,40.5064134000,40.58116572,57139144,2491890458.3800,39.3198137604,34.1798942823
2025-06-03,40.6465740000,41.5155697200,40.6465740000,41.08574388,50368513,2216746051.7200,39.3630766656,34.2223099669
2025-06-04,41.1604962000,41.3660650800,41.0203356000,41.16984024,37341667,1644649609.3500,39.4045642032,34.265916675199996
2025-06-05,41.1698402400,41.5062256800,41.1137760000,41.45950548,42131680,1865235665.8600,39.451938485999996,34.3101070268
2025-06-06,41.5342578000,41.7772028400,41.3940972000,41.55294588,37349895,1660462752.2100,39.5076289644,34.3555783039
2025-06-09,41.6744184000,41.7491707200,41.3100008400,41.6744184,47477446,2111750061.3000,39.563132562,34.4020126619
2025-06-10,41.6463862800,42.0949002000,41.5342578000,41.73982668,52834892,2364300623.8900,39.6156460668,34.447284305
2025-06-11,41.7865468800,42.6835747200,41.7865468800,42.33784524,77676108,3518360400.5000,39.6755413632,34.4958125758
2025-06-12,42.4219416000,42.6555426000,42.1416204000,42.26309292,45239070,2050510492.0800,39.7311384012,34.544884864699995
2025-06-13,42.2724369600,42.3752214000,42.0014598000,42.21637272,47408056,2141145231.4400,39.7888845684,34.5940070621
2025-06-16,42.1229323200,42.8050472400,42.0014598000,42.77701512,41447435,1885267745.7500,39.8524240404,34.645144955
2025-06-17,42.8704555200,43.0293042000,42.7116068400,42.96389592,47420901,2177741322.4700,39.9169913568,34.6978752414
2025-06-18,42.9078316800,43.0479922800,42.6555426000,42.8424234,42642859,1957406402.9900,39.9730555968,34.7490842744
2025-06-19,42.8330793600,43.0386482400,42.3939094800,42.63685452,51345430,2342843184.4700,40.019682356400004,34.7985211103
2025-06-20,42.7302949200,43.1507767200,42.5621022000,42.97323996,44815652,2059058897.3100,40.0664025564,34.8501074435
2025-06-23,42.8891436000,43.3002813600,42.4499737200,43.216185,53893148,2475802503.9000,40.118168538000006,34.902062931
2025-06-24,43.2722492400,43.9169880000,43.1507767200,43.683387,65581461,3058493531.2100,40.1801195232,34.952491120999994
2025-06-25,43.6833870000,44.3841900000,43.5338823600,44.38419,60767987,2862914072.7500,40.248891657600005,35.005549096
2025-06-26,44.3748459600,44.7392635200,43.9637082000,44.73926352,59020064,2807185759.6800,40.327661914800004,35.0601431794
2025-06-27,44.7112314000,44.7299194800,43.0199601600,43.18815288,95414320,4461309935.4300,40.387370330399996,35.109508139000006
2025-06-30,43.1040565200,43.2535611600,42.7676710800,42.9358638,62461363,2870068037.4400,40.440537918000004,35.156739525
2025-07-01,42.9452078400,43.6086346800,42.9078316800,43.4030658,45061309,2089060871.8300,40.494733350000004,35.2057926485
2025-07-02,43.6366668000,44.0664926400,43.4030658000,43.8235476,51856318,2429269828.5900,40.559207226,35.257187458000004
2025-07-03,43.8235476000,43.8702678000,43.3002813600,43.55257044,55622576,2595710464.8600,40.619102522400006,35.307179592800004
2025-07-04,43.5432264000,44.3841900000,43.3563456000,43.98239628,67894832,3190053517.5400,40.683296077200005,35.3588688779
2025-07-07,43.9823962800,44.1973092000,43.6366668000,44.1038688,56742742,2672021321.4400,40.7449667412,35.4104342764
2025-07-08,44.1786211200,44.5430386800,44.0104284000,44.49631848,63742101,3025850416.4600,40.807011166799995,35.463866013
2025-07-09,44.3841900000,44.6364790800,44.0384605200,44.03846052,61456635,2912999772.9000,40.8584968272,35.5163003514
2025-07-10,44.0104284000,45.3653142000,44.0104284000,45.07564896,121978404,5860161557.4800,40.9195134084,35.5701061821
2025-07-11,45.1146233200,45.3290835000,44.4712427800,44.49073916,118444284,5446393735.2600,40.9716907988,35.62219733346667
2025-07-14,44.5004873500,44.9294077100,44.2957753600,44.42250183,64848437,2969040140.7200,41.026082468300004,35.67244526456666
2025-07-15,44.6174656300,44.7636884800,43.6718912000,44.08131518,66620626,3018332343.7300,41.073978738099996,35.720527694333335
2025-07-16,44.1203079400,44.3932572600,43.7498767200,43.97408509,46818639,2112241747.5600,41.12145678980001,35.76834082296667
2025-07-17,43.9643369000,44.1885452700,43.7791212900,43.866855,41689506,1877218806.9200,41.1690772658,35.81661908796667
2025-07-18,43.9155959500,44.0228260400,43.6134020600,43.91559595,54343057,2445283609.1800,41.2213899693,35.864942312800004
2025-07-21,43.9155959500,44.0910633700,43.7011357700,43.72063215,56641201,2546034188.8400,41.27296776,35.9123806383
2025-07-22,43.7206321500,43.8473586200,43.0967479900,43.80836586,92231906,4111116849.8500,41.3276654574,35.9573499245
2025-07-23,43.8376104300,44.5492283000,43.8278622400,43.98383328,85324905,3864679805.2400,41.379913011,36.0026690821
2025-07-24,44.0715669900,44.2177898400,43.6718912000,43.74987672,82662013,3724435789.0000,41.421411363,36.046033284500005
2025-07-25,43.7108839600,44.0325742300,43.6231502500,43.70113577,69626423,3129427562.8700,41.465505838700004,36.09090953456666
2025-07-28,43.6718912000,44.0228260400,43.2917117900,43.32095636,63512720,2838575467.2600,41.5057985203,36.13284400243333
2025-07-29,43.3209563600,43.6718912000,43.0285106600,43.02851066,78581282,3487013440.1200,41.5455027549,36.1738330288
2025-07-30,43.0577552300,43.6231502500,42.8237986700,43.30145998,72546085,3222441775.7500,41.577751479099994,36.21661321123333
2025-07-31,43.2819636000,43.4379346400,42.7458131500,43.35994912,73319517,3247588211.4700,41.60993101190001,36.25879516496667
2025-08-01,43.3794455000,43.8376104300,43.2332226500,43.30145998,59462094,2651723323.1500,41.6358257889,36.298490709899994
2025-08-04,43.1942298900,43.8376104300,43.1942298900,43.7693731,49800832,2231447772.7300,41.671071717100006,36.33889401773333
2025-08-05,43.6523948200,44.2567826000,43.5159201600,44.11055975,55525830,2502003950.4800,41.7056181342,36.3821091319
2025-08-06,44.1495525100,44.5784728700,43.9740850900,43.98383328,43029640,1951697828.5700,41.7386169654,36.42575377199999
2025-08-07,43.9838332800,44.4517464000,43.8278622400,44.01307785,44064325,1995029889.7700,41.7691050303,36.465970594
2025-08-08,44.0618188000,44.1398043200,43.4086900700,43.40869007,45642153,2044145471.7600,41.7812150846,36.502410140066665
2025-08-11,43.4086900700,43.5061719700,42.9895179000,42.9895179,53672371,2375089438.3400,41.790254702,36.53883318806667
2025-08-12,43.0187624700,43.3599491200,42.8920360000,42.892036,56225243,2482688843.2300,41.797385096400006,36.5753425814
2025-08-13,43.0285106600,43.1357407500,42.3948783100,42.44361926,87673736,3837405882.7600,41.7918085682,36.61088604726667
2025-08-14,42.4533674500,42.8335468600,42.4046265000,42.67757582,67635168,2959763585.8300,41.795859956799994,36.648854508333336
2025-08-15,42.5605975400,42.6385830600,42.2096627000,42.2096627,93295684,4051326296.6100,41.800277995799995,36.687495949
2025-08-18,42.0146989000,42.5703457300,41.8099869100,42.41437469,92639738,4005818985.6800,41.8034727407,36.725644662966666
2025-08-19,42.3558855500,42.5995903000,42.1999145100,42.3071446,57411852,2493609521.5100,41.8052214231,36.764346645799996
2025-08-20,42.2096627000,42.5313529700,42.0634398500,42.35588555,54724013,2374776327.7800,41.8301635322,36.80397491346667
2025-08-21,42.4046265000,42.4923602100,42.1414253700,42.37538193,57854002,2512170016.2100,41.84969418109999,36.84434385156667
2025-08-22,42.3753819300,42.3851301200,41.9562097600,42.17066994,79449625,3432029283.2000,41.8675514717,36.88420668136667
2025-08-25,42.2291590800,42.7653095300,42.0244470900,42.76530953,90738990,3956212555.1300,41.8907010754,36.926433550633334
2025-08-26,42.7848059100,42.9115323800,42.3266409800,42.42412288,75572231,3296532147.3900,41.9143633094,36.966377408566665
2025-08-27,42.4046265000,42.5605975400,41.9172170000,41.917217,75814078,3280973424.0800,41.9342646502,37.00624734273333
2025-08-28,41.9367133800,42.2096627000,41.5272894000,41.89772062,82242557,3530397263.6700,41.9547185504,37.046022911466665
2025-08-29,41.8977206200,42.8822878100,41.8099869100,41.80998691,136087899,5896873899.8800,41.9913012663,37.085535412000006
2025-09-01,41.5467857800,41.5662821600,40.8254197200,40.92290162,127633329,5381676512.7800,42.0160230365,37.12394174406666
2025-09-02,40.8059233400,42.4046265000,40.8059233400,42.34613736,145214114,6232062119.7000,42.0614245517,37.16788538776667
2025-09-03,42.3461373600,42.4728638300,41.6247713000,41.8197351,81840560,3528703353.9000,42.0955818587,37.21086754976666
2025-09-04,41.7320013900,42.2291590800,41.0788726600,41.96595795,93536328,3997574925.2900,42.1273703378,37.25142874876666
2025-09-05,41.9172170000,41.9367133800,41.4590520700,41.68326044,57232838,2449941046.9400,42.156612163,37.291282642733336
2025-09-08,41.6247713000,42.0146989000,41.3030810300,41.36157017,85168162,3635065671.0900,42.176843780700004,37.33012299080001
2025-09-09,41.3518219800,41.8002387200,41.3323256000,41.75149777,58952653,2515896773.2000,42.19957306839999,37.36897048753333
2025-09-10,41.7222532000,42.0634398500,41.4882966400,41.917217,47138694,2022413171.2800,42.225174273600004,37.4087816667
2025-09-11,42.0439434700,42.2389072700,41.7027568200,42.2096627,65073072,2804175733.5200,42.2478131906,37.450478367366664
2025-09-12,42.2876482200,42.3753819300,41.3518219800,41.46880026,82314003,3521647842.5700,42.267435182,37.48861855906667
2025-09-15,41.4103111200,41.7125050100,41.0496280900,41.15685818,69949106,2964121228.0800,42.2864606434,37.52504326133333
2025-09-16,41.2543400800,41.3615701700,40.6109595400,40.69869325,85905078,3600259578.1800,42.301091336300004,37.560645807166665
2025-09-17,40.7084414400,41.1276136100,40.6499523000,40.70844144,57236258,2392440771.4800,42.3137638223,37.595693296966665
2025-09-18,40.7279378200,40.7864269600,39.7726152000,39.80185977,100352240,4131887418.2800,42.3185852168,37.62792449036667
2025-09-19,39.7726152000,40.4842330700,39.5289104500,39.967579,83656307,3440376826.4800,42.32254091280001,37.660208663700004
2025-09-22,40.1138018500,40.3282620300,39.7726152000,39.88959348,65611030,2688228051.3400,42.3289871676,37.6901177053
2025-09-23,39.9480826200,40.6986932500,39.6068959700,40.50372945,93885081,3891395840.9400,42.35334827250001,37.7238952718
2025-09-24,40.4549885000,40.8351679100,40.2502765100,40.27952108,64389951,2672303415.6300,42.3695805485,37.756191039566666
2025-09-25,40.2795210800,40.3185138400,39.7823633900,39.79211158,66694887,2730478547.2200,42.3748651035,37.7893004415
2025-09-26,39.7823633900,39.9675790000,39.2852057000,39.7726152,68276667,2773964882.3400,42.37266634350001,37.822021703
2025-09-29,39.7433706300,40.2502765100,39.3436948400,39.65563692,83555055,3407163055.1400,42.3629438535,37.8529429169
2025-09-30,39.6263923500,39.7628670100,39.3924357900,39.39243579,70002520,2836889512.5700,42.34759925939999,37.8823698662
2025-10-09,39.1974719900,39.4216803600,38.8172925800,39.31445027,97231953,3900217891.2300,42.3243733397,37.91094506176666
2025-10-10,39.2852057000,39.6263923500,39.1194864700,39.16822742,95504979,3852817636.5500,42.297349181499996,37.935606699833336
2025-10-13,38.7588034400,39.2852057000,38.7003143000,39.09999009,106593617,4266014497.6300,42.2686148056,37.96072610973333
2025-10-14,39.0804937100,40.4452403100,38.8270407700,40.22103194,173382668,7102543597.7100,42.25716447420001,37.989551178999996
2025-10-15,40.2112837500,40.5232258300,39.9773271900,40.4549885,106276702,4392820737.9100,42.2520716456,38.01828399306667
2025-10-16,40.4549885000,40.9326498100,40.0943054700,40.87416067,106248776,4427156848.3100,42.25060989629999,38.0483517541
2025-10-17,40.8254197200,41.1568581800,40.3380102200,40.54272221,82982705,3470670300.9700,42.245833762400004,38.07681637146666
2025-10-20,40.5622185900,40.7376860100,40.0650609000,40.37700298,64947729,2694843444.9700,42.2337005718,38.107562950200006
2025-10-21,40.4452403100,41.0398799000,40.4452403100,40.92290162,75993124,3184239228.3800,42.231324625999996,38.14012919106667
2025-10-22,40.9229016200,41.1373618000,40.6791968700,40.89365705,55133364,2311324892.2300,42.2309922445,38.173096298833336
2025-10-23,40.8936570500,41.4200593100,40.7279378200,41.17635456,71317373,3004975798.7300,42.2340474805,38.20809586963334
2025-10-24,41.2835846500,41.3810665500,40.7961751500,40.89365705,69883194,2938870334.8600,42.2348363838,38.2435858682
2025-10-27,40.8449161000,40.9131534300,40.3770029800,40.54272221,98894862,4120096208.0400,42.2340781871,38.277656909566666
2025-10-28,40.5719667800,40.6694486800,40.1917873700,40.5524704,70595074,2928533807.3300,42.2337912339,38.3118538853
2025-10-29,40.4842330700,40.4842330700,39.6653851100,39.74337063,91098760,3735043026.0100,42.2203675014,38.342388311
2025-10-30,39.7726152000,40.3185138400,39.7043778700,40.1625428,113153844,4648170383.6800,42.210294526999995,38.37438227086667
2025-10-31,40.2210319400,40.2600247000,39.8116079600,39.86034891,70260700,2881797757.9000,42.1943029613,38.406708230166664
2025-11-03,40.1040536600,40.9131534300,40.0260681400,40.73768601,92198068,3837027067.9700,42.18615036259999,38.44251928886667
2025-11-04,40.7864269600,42.0244470900,40.7571823900,41.92696519,134003592,5731414415.9600,42.188675830499996,38.4835404835
2025-11-05,42.0146989000,42.3753819300,41.6735122500,41.7222532,73171377,3142006311.5200,42.18850009569999,38.52425306643333
2025-11-06,41.5760303500,41.8099869100,41.2445918900,41.27383646,87197274,3704094151.6900,42.1778600079,38.5623807889
2025-11-07,41.3323256000,41.6442676800,41.2153473200,41.43955569,59319118,2521251001.7800,42.1696246356,38.5998150368
2025-11-10,41.3810665500,41.8002387200,41.2153473200,41.64426768,53236873,2272065471.4800,42.1639035852,38.6385857408
2025-11-11,41.6150231100,41.9562097600,41.4493038800,41.87822424,54467066,2335614859.5000,42.15491567640001,38.678696942399995
2025-11-12,42.0341952800,42.2681518400,41.8489796700,41.84897967,58792878,2538488042.1800,42.1437665139,38.7189598365
2025-11-13,41.8879724300,42.2096627000,41.6637640600,42.12192899,58798006,2531083385.5600,42.136561569799994,38.75732934966666
2025-11-14,42.1511735600,42.4923602100,42.0926844200,42.16092175,51820955,2251121742.7400,42.1318022421,38.794614113499996
2025-11-17,42.0146989000,42.1121808000,41.4298075000,41.57603035,61067446,2605355053.1200,42.117830145999996,38.82910827573333
2025-11-18,41.4882966400,41.8294832900,41.3713183600,41.80023872,51743927,2210394704.6200,42.1036706832,38.864162918400005
2025-11-19,41.8002387200,42.4046265000,41.7222532000,42.13167718,51169639,2211527917.5300,42.088153585,38.90106987913333
2025-11-20,42.1316771800,42.6873240100,41.9659579500,42.14142537,58585152,2545450518.6300,42.065725938700005,38.937822453033334
2025-11-21,42.1511735600,42.4533674500,41.6832604400,41.917217,79126405,3414438912.7900,42.037505473500005,38.9725817937
2025-11-24,42.0146989000,42.1219289900,41.4395556900,41.55653397,67854882,2903502508.3300,42.021189284399995,39.005920829999994
2025-11-25,41.5857785400,42.2096627000,41.3713183600,42.16092175,66640949,2860710968.0300,42.013439863900004,39.041492519833334
2025-11-26,42.2486554600,42.5313529700,41.8879724300,42.16092175,45107206,1950643251.7500,42.0010184234,39.07712650326667
2025-11-27,42.0926844200,42.2973964100,41.5272894000,42.10243261,62143434,2671439101.8200,41.9838072735,39.11490153290001
2025-11-28,42.0146989000,42.0341952800,41.7417495800,41.86847605,49465789,2126261782.3300,41.9669663296,39.15432615773334
2025-12-01,41.9952025200,42.3753819300,41.8489796700,42.34613736,56791942,2454940642.8600,41.9506037404,39.196028216533335
2025-12-02,42.3461373600,42.5508493500,42.1316771800,42.28764822,40673497,1765681347.9600,41.9324415346,39.23850086233333
2025-12-03,42.1804181300,42.4826120200,41.9172170000,41.92696519,46895972,2029264530.8800,41.906748001699995,39.28058104816667
2025-12-04,41.9659579500,42.3266409800,41.9269651900,42.13167718,36120746,1560898874.4000,41.8876801683,39.3238419561
2025-12-05,42.1609217500,42.4533674500,41.8294832900,42.35588555,54890622,2372985274.7000,41.8604825342,39.36769449126667
2025-12-08,42.3461373600,42.5411011600,41.9854543300,42.09268442,58003881,2512101222.8000,41.8365019868,39.41381551613333
2025-12-09,42.0926844200,42.2096627000,41.7514977700,41.95620976,46593870,2007147247.6300,41.8118390661,39.45963735946666
2025-12-10,41.9952025200,41.9952025200,40.5037294500,40.6499523,108315686,4546989729.2100,41.7775254373,39.50144762606667
2025-12-11,40.8059233400,40.9911389500,40.3672547900,40.63045592,84623107,3525927169.1200,41.7440891456,39.542725702733335
2025-12-12,40.6986932500,40.7766787700,40.4354921200,40.68894506,71762547,2991877686.5000,41.7123100462,39.58304631160001
2025-12-15,40.6889450600,41.2153473200,40.5817149700,40.7474342,56266557,2361986962.3700,41.680628428700004,39.62197339746666
2025-12-16,40.7279378200,41.0691244700,40.3867511700,40.6499523,56617635,2359934980.4400,41.649921630200005,39.66147880086667
2025-12-17,40.5524704000,40.7961751500,40.1917873700,40.47448488,63126744,2619154132.3700,41.616582820400005,39.70002555126666
2025-12-18,40.4939812600,41.3518219800,40.3575066000,41.30308103,76811931,3224732019.6700,41.589775297900005,39.739932682833334
2025-12-19,41.3030810300,41.4103111200,40.8546642900,40.93264981,57382341,2421818092.9300,41.5616030288,39.77318550046667
2025-12-22,41.0203835200,41.0691244700,40.6597004900,40.71818963,52473989,2197149655.5200,41.531773567399995,39.802546477233335
2025-12-23,40.6889450600,40.9813907600,40.6109595400,40.85466429,60651014,2539576612.5400,41.5071106467,39.82853131313333
2025-12-24,40.8741606700,40.9326498100,40.5037294500,40.77667877,53630520,2241620144.9800,41.4845923278,39.853477527299994
2025-12-25,40.8741606700,41.0203835200,40.6499523000,40.72793782,49921351,2090265136.5500,41.4588571062,39.87209420523333
2025-12-26,40.7376860100,40.8254197200,40.5719667800,40.6499523,50880959,2123779707.6700,41.431757137999995,39.88300684623333
2025-12-29,40.6109595400,40.8741606700,40.3770029800,40.81567153,68255105,2848984781.8800,41.406899253499994,39.90378477786667
2025-12-30,40.8449161000,41.4103111200,40.7279378200,41.21534732,83478293,3522122451.9000,41.381358995700005,39.92053771253333
2025-12-31,41.1763545600,41.2640882700,40.8644124800,41.0398799,55414239,2335536695.1600,41.3506521972,39.9376401598
